<?xml version="1.0" encoding="UTF-8"?>
<includes>
	<include name="HomeItemsOnAir">
		<item>
			<label>뉴스</label>
			<onclick>ActivateWindow(10025,"plugin://plugin.video.ktv-onair/news/",return)</onclick>
			<icon>-</icon>
			<thumb>-</thumb>
		</item>
		<item>
			<label>생방송</label>
			<onclick>ActivateWindow(10025,"plugin://plugin.video.ktv-onair/onair/",return)</onclick>
			<icon>-</icon>
			<thumb>-</thumb>
		</item>		
		<item>
			<label>다시보기</label>
			<onclick>ActivateWindow(10025,"plugin://plugin.video.ktv-onair/vods/",return)</onclick>
			<icon>-</icon>
			<thumb>-</thumb>
		</item>
	</include>
</includes>
