﻿<?xml version="1.0" encoding="UTF-8"?>
<includes>
	<include name="HomeItemsTvbogo">
		<item>
			<label>드라마</label>
			<onclick>ActivateWindow(10025,"plugin://plugin.video.tvbogo.com/media/%2Fmedia%2F%3Fcode%3DB01",return)</onclick>
			<icon>-</icon>
			<thumb>-</thumb>
		</item>
		<item>
			<label>예능/오락</label>
			<onclick>ActivateWindow(10025,"plugin://plugin.video.tvbogo.com/media/%2Fmedia%2F%3Fcode%3DB02",return)</onclick>
			<icon>-</icon>
			<thumb>-</thumb>
		</item>
		<item>
			<label>시사/다큐</label>
			<onclick>ActivateWindow(10025,"plugin://plugin.video.tvbogo.com/media/%2Fmedia%2F%3Fcode%3DB03",return)</onclick>
			<icon>-</icon>
			<thumb>-</thumb>
		</item>
		<item>
			<label>영화</label>
			<onclick>ActivateWindow(10025,"plugin://plugin.video.tvbogo.com/media/%2Fmedia%2F%3Fcode%3DM",return)</onclick>
			<icon>-</icon>
			<thumb>-</thumb>
		</item>
	</include>
	<include name="HomeItemsODK">
		<item>
			<label>음식/요리</label>
			<onclick>ActivateWindow(10025,"plugin://plugin.video.ondemandkorea/genre/food/",return)</onclick>
			<icon>-</icon>
			<thumb>-</thumb>
		</item>
		<item>
			<label>뷰티/패션</label>
			<onclick>ActivateWindow(10025,"plugin://plugin.video.ondemandkorea/genre/beauty/",return)</onclick>
			<icon>-</icon>
			<thumb>-</thumb>
		</item>
		<item>
			<label>여성</label>
			<onclick>ActivateWindow(10025,"plugin://plugin.video.ondemandkorea/genre/women/",return)</onclick>
			<icon>-</icon>
			<thumb>-</thumb>
		</item>
		<item>
			<label>건강</label>
			<onclick>ActivateWindow(10025,"plugin://plugin.video.ondemandkorea/genre/health",return)</onclick>
			<icon>-</icon>
			<thumb>-</thumb>
		</item>
		<item>
			<label>키즈</label>
			<onclick>ActivateWindow(10025,"plugin://plugin.video.ondemandkorea/genre/kids",return)</onclick>
			<icon>-</icon>
			<thumb>-</thumb>
		</item>
		<item>
			<label>종교</label>
			<onclick>ActivateWindow(10025,"plugin://plugin.video.ondemandkorea/genre/religion",return)</onclick>
			<icon>-</icon>
			<thumb>-</thumb>
		</item>
	</include>
</includes>
