<?xml version="1.0" encoding="UTF-8"?>
<includes>
	<include name="HomeItemsODK">
		<item>
			<label>드라마</label>
			<onclick>ActivateWindow(10025,"plugin://plugin.video.ondemandkorea/media/%2Fdrama",return)</onclick>
			<icon>-</icon>
			<thumb>-</thumb>
		</item>
		<item>
			<label>예능/오락</label>
			<onclick>ActivateWindow(10025,"plugin://plugin.video.ondemandkorea/media/%2Fvariety",return)</onclick>
			<icon>-</icon>
			<thumb>-</thumb>
		</item>
		<item>
			<label>시사/다큐</label>
			<onclick>ActivateWindow(10025,"plugin://plugin.video.ondemandkorea/media/%2Fdocumentary",return)</onclick>
			<icon>-</icon>
			<thumb>-</thumb>
		</item>
		<item>
			<label>음식/요리</label>
			<onclick>ActivateWindow(10025,"plugin://plugin.video.ondemandkorea/media/%2Ffood",return)</onclick>
			<icon>-</icon>
			<thumb>-</thumb>
		</item>
		<item>
			<label>뷰티/패션</label>
			<onclick>ActivateWindow(10025,"plugin://plugin.video.ondemandkorea/media/%2Fbeauty",return)</onclick>
			<icon>-</icon>
			<thumb>-</thumb>
		</item>
		<item>
			<label>여성</label>
			<onclick>ActivateWindow(10025,"plugin://plugin.video.ondemandkorea/media/%2Fwomen",return)</onclick>
			<icon>-</icon>
			<thumb>-</thumb>
		</item>
		<item>
			<label>건강</label>
			<onclick>ActivateWindow(10025,"plugin://plugin.video.ondemandkorea/media/%2Fhealth",return)</onclick>
			<icon>-</icon>
			<thumb>-</thumb>
		</item>
		<item>
			<label>키즈</label>
			<onclick>ActivateWindow(10025,"plugin://plugin.video.ondemandkorea/media/%2Fkids",return)</onclick>
			<icon>-</icon>
			<thumb>-</thumb>
		</item>
		<item>
			<label>종교</label>
			<onclick>ActivateWindow(10025,"plugin://plugin.video.ondemandkorea/media/%2Freligion",return)</onclick>
			<icon>-</icon>
			<thumb>-</thumb>
		</item>
	</include>
</includes>
