<?xml version="1.0" encoding="UTF-8"?>
<fonts>
	<fontset id="Default" idloc="31390" unicode="true"> 
		<!-- Normal Fonts -->
		<font>
			<name>font10</name>
			<filename>NanumBarunGothic.ttf</filename>
			<size>18</size>
		</font>
	 	<font>
			<name>font12</name>
			<filename>NanumBarunGothic.ttf</filename>
			<size>21</size>
		</font>
	 	<font>
			<name>font13</name>
			<filename>NanumBarunGothic.ttf</filename>
			<linespacing>1.1</linespacing>
			<aspect>0.9</aspect>
			<size>24</size>
		</font>
	 	<font>
			<name>font14</name>
			<filename>NanumBarunGothic.ttf</filename>
			<size>26</size>
		</font>
	 	<font>
			<name>font16</name>
			<filename>NanumBarunGothic.ttf</filename>
			<size>29</size>
		</font>
	 	<font>
			<name>font30</name>
			<filename>NanumBarunGothic.ttf</filename>
			<size>34</size>
		</font>
	 	<font>
			<name>fontContextMenu</name>
			<filename>NanumBarunGothic.ttf</filename>
			<size>22</size>
		</font>


	<!-- Title Fonts -->
	 	<font>
			<name>font10_title</name>
			<filename>NanumBarunGothic.ttf</filename>
			<style>bold</style>
			<size>16</size>
		</font>
	 	<font>
			<name>font12_title</name>
			<filename>NanumBarunGothic.ttf</filename>
			<style>bold</style>
			<size>21</size>
		</font>
	 	<font>
			<name>font13_title</name>
			<filename>NanumBarunGothic.ttf</filename>
			<style>bold</style>
			<size>24</size>
		</font>
	 	<font>
			<name>font24_title</name>
			<filename>NanumBarunGothic.ttf</filename>
			<style>bold</style>
			<size>28</size>
		</font>
	 	<font>
			<name>font28_title</name>
			<filename>NanumBarunGothic.ttf</filename>
			<style>bold</style>
			<size>32</size>
		</font>
	 	<font>
			<name>font30_title</name>
			<filename>NanumBarunGothic.ttf</filename>
			<style>bold</style>
			<size>34</size>
		</font>
	 	<font>
			<name>font35_title</name>
			<filename>NanumBarunGothic.ttf</filename>
			<style>bold</style>
			<size>39</size>
		</font>

	 	<font>
			<name>font_MainMenu</name>
			<filename>NanumBarunGothic.ttf</filename>
			<style>bold</style>
			<size>45</size>
		</font>
	 	<font>
			<name>WeatherTemp</name>
			<filename>NanumBarunGothic.ttf</filename>
			<style>bold</style>
			<size>100</size>
		</font>
	</fontset>

	<fontset id="Nanum Gothic" unicode="true"> 
		<!-- Normal Fonts -->
		<font>
			<name>font10</name>
			<filename>NanumGothic.ttf</filename>
			<size>18</size>
		</font>
	 	<font>
			<name>font12</name>
			<filename>NanumGothic.ttf</filename>
			<size>21</size>
		</font>
	 	<font>
			<name>font13</name>
			<filename>NanumGothic.ttf</filename>
			<linespacing>1.1</linespacing>
			<aspect>0.9</aspect>
			<size>24</size>
		</font>
	 	<font>
			<name>font14</name>
			<filename>NanumGothic.ttf</filename>
			<size>26</size>
		</font>
	 	<font>
			<name>font16</name>
			<filename>NanumGothic.ttf</filename>
			<size>29</size>
		</font>
	 	<font>
			<name>font30</name>
			<filename>NanumGothic.ttf</filename>
			<size>34</size>
		</font>
	 	<font>
			<name>fontContextMenu</name>
			<filename>NanumGothic.ttf</filename>
			<size>22</size>
		</font>


	<!-- Title Fonts -->
	 	<font>
			<name>font10_title</name>
			<filename>NanumGothic.ttf</filename>
			<style>bold</style>
			<size>16</size>
		</font>
	 	<font>
			<name>font12_title</name>
			<filename>NanumGothic.ttf</filename>
			<style>bold</style>
			<size>17</size>
		</font>
	 	<font>
			<name>font13_title</name>
			<filename>NanumGothic.ttf</filename>
			<style>bold</style>
			<size>20</size>
		</font>
	 	<font>
			<name>font24_title</name>
			<filename>NanumGothic.ttf</filename>
			<style>bold</style>
			<size>24</size>
		</font>
	 	<font>
			<name>font28_title</name>
			<filename>NanumGothic.ttf</filename>
			<style>bold</style>
			<size>28</size>
		</font>
	 	<font>
			<name>font30_title</name>
			<filename>NanumGothic.ttf</filename>
			<style>bold</style>
			<size>30</size>
		</font>
	 	<font>
			<name>font35_title</name>
			<filename>NanumGothic.ttf</filename>
			<style>bold</style>
			<size>35</size>
		</font>

	 	<font>
			<name>font_MainMenu</name>
			<filename>NanumGothic.ttf</filename>
			<style>bold</style>
			<size>40</size>
		</font>
	 	<font>
			<name>WeatherTemp</name>
			<filename>NanumGothic.ttf</filename>
			<style>bold</style>
			<size>80</size>
		</font>
	</fontset>

	<fontset id="Default Original" unicode="true"> 
	<!-- Normal Fonts -->
	 	<font>
			<name>font10</name>
			<filename>Roboto-Regular.ttf</filename>
			<size>14</size>
		</font>
		<font>
			<name>font12</name>
			<filename>Roboto-Regular.ttf</filename>
			<size>17</size>
		</font>
		<font>
			<name>font13</name>
			<filename>Roboto-Regular.ttf</filename>
			<size>20</size>
		</font>
		<font>
			<name>font14</name>
			<filename>Roboto-Regular.ttf</filename>
			<size>22</size>
		</font>
		<font>
			<name>font16</name>
			<filename>Roboto-Regular.ttf</filename>
			<size>25</size>
		</font>
		<font>
			<name>font30</name>
			<filename>Roboto-Regular.ttf</filename>
			<size>30</size>
		</font>
		<font>
			<name>fontContextMenu</name>
			<filename>Roboto-Regular.ttf</filename>
			<size>18</size>
		</font>


		<!-- Title Fonts -->
		<font>
			<name>font10_title</name>
			<filename>Roboto-Bold.ttf</filename>
			<size>16</size>
		</font>
		<font>
			<name>font12_title</name>
			<filename>Roboto-Bold.ttf</filename>
			<size>21</size>
		</font>
		<font>
			<name>font13_title</name>
			<filename>Roboto-Bold.ttf</filename>
			<size>20</size>
		</font>
		<font>
			<name>font24_title</name>
			<filename>Roboto-Bold.ttf</filename>
			<size>24</size>
		</font>
		<font>
			<name>font28_title</name>
			<filename>Roboto-Bold.ttf</filename>
			<size>28</size>
		</font>
		<font>
			<name>font30_title</name>
			<filename>Roboto-Bold.ttf</filename>
			<size>30</size>
		</font>
		<font>
			<name>font35_title</name>
			<filename>Roboto-Bold.ttf</filename>
			<size>35</size>
		</font>

		<font>
			<name>font_MainMenu</name>
			<filename>Roboto-Bold.ttf</filename>
			<size>40</size>
		</font>
		<font>
			<name>WeatherTemp</name>
			<filename>Roboto-Bold.ttf</filename>
			<size>80</size>
		</font>
	</fontset>

	<fontset id="DefaultNoCaps" idloc="31391" unicode="true"> 
		<!-- Normal Fonts -->
		<font>
			<name>font10</name>
			<filename>Roboto-Regular.ttf</filename>
			<size>14</size>
		</font>
		<font>
			<name>font12</name>
			<filename>Roboto-Regular.ttf</filename>
			<size>21</size>
		</font>
		<font>
			<name>font13</name>
			<filename>Roboto-Regular.ttf</filename>
			<size>20</size>
		</font>
		<font>
			<name>font14</name>
			<filename>Roboto-Regular.ttf</filename>
			<size>22</size>
		</font>
		<font>
			<name>font16</name>
			<filename>Roboto-Regular.ttf</filename>
			<size>25</size>
		</font>
		<font>
			<name>font30</name>
			<filename>Roboto-Regular.ttf</filename>
			<size>30</size>
		</font>
		<font>
			<name>fontContextMenu</name>
			<filename>Roboto-Regular.ttf</filename>
			<size>18</size>
		</font>


		<!-- Title Fonts -->
		<font>
			<name>font10_title</name>
			<filename>Roboto-Bold.ttf</filename>
			<size>12</size>
		</font>
		<font>
			<name>font12_title</name>
			<filename>Roboto-Bold.ttf</filename>
			<size>17</size>
		</font>
		<font>
			<name>font13_title</name>
			<filename>Roboto-Bold.ttf</filename>
			<size>20</size>
		</font>
		<font>
			<name>font24_title</name>
			<filename>Roboto-Bold.ttf</filename>
			<size>24</size>
		</font>
		<font>
			<name>font28_title</name>
			<filename>Roboto-Bold.ttf</filename>
			<size>28</size>
		</font>
		<font>
			<name>font30_title</name>
			<filename>Roboto-Bold.ttf</filename>
			<size>30</size>
		</font>
		<font>
			<name>font35_title</name>
			<filename>Roboto-Bold.ttf</filename>
			<size>35</size>
		</font>

		<font>
			<name>font_MainMenu</name>
			<filename>Roboto-Bold.ttf</filename>
			<size>40</size>
		</font>
		<font>
			<name>WeatherTemp</name>
			<filename>Roboto-Bold.ttf</filename>
			<size>80</size>
		</font>
	</fontset>
	<fontset id="Massive" idloc="15110">
		<!-- Normal Fonts -->
		<font>
			<name>font10</name>
			<filename>Roboto-Regular.ttf</filename>
			<size>14</size>
		</font>
		<font>
			<name>font12</name>
			<filename>Roboto-Regular.ttf</filename>
			<size>23</size>
		</font>
		<font>
			<name>font13</name>
			<filename>Roboto-Regular.ttf</filename>
			<size>25</size>
		</font>
		<font>
			<name>font14</name>
			<filename>Roboto-Regular.ttf</filename>
			<size>25</size>
		</font>
		<font>
			<name>font16</name>
			<filename>Roboto-Regular.ttf</filename>
			<size>25</size>
		</font>
		<font>
			<name>font30</name>
			<filename>Roboto-Regular.ttf</filename>
			<size>30</size>
		</font>
		<font>
			<name>fontContextMenu</name>
			<filename>Roboto-Regular.ttf</filename>
			<size>25</size>
		</font>
		<!-- Title Fonts -->
		<font>
			<name>font10_title</name>
			<filename>Roboto-Bold.ttf</filename>
			<size>12</size>
		</font>
		<font>
			<name>font12_title</name>
			<filename>Roboto-Bold.ttf</filename>
			<size>17</size>
		</font>
		<font>
			<name>font13_title</name>
			<filename>Roboto-Bold.ttf</filename>
			<size>20</size>
		</font>
		<font>
			<name>font24_title</name>
			<filename>Roboto-Bold.ttf</filename>
			<size>24</size>
		</font>
		<font>
			<name>font28_title</name>
			<filename>Roboto-Bold.ttf</filename>
			<size>28</size>
		</font>
		<font>
			<name>font30_title</name>
			<filename>Roboto-Bold.ttf</filename>
			<size>30</size>
		</font>
		<font>
			<name>font35_title</name>
			<filename>Roboto-Bold.ttf</filename>
			<size>35</size>
		</font>
		<font>
			<name>font_MainMenu</name>
			<filename>Roboto-Bold.ttf</filename>
			<size>40</size>
		</font>
		<font>
			<name>WeatherTemp</name>
			<filename>Roboto-Bold.ttf</filename>
			<size>80</size>
		</font>
	</fontset>
	<fontset id="DefaultNoCaps" idloc="31391">
		<!-- Normal Fonts -->
		<font>
			<name>font10</name>
			<filename>Roboto-Regular.ttf</filename>
			<size>14</size>
		</font>
		<font>
			<name>font12</name>
			<filename>Roboto-Regular.ttf</filename>
			<size>17</size>
		</font>
		<font>
			<name>font13</name>
			<filename>Roboto-Regular.ttf</filename>
			<size>20</size>
		</font>
		<font>
			<name>font14</name>
			<filename>Roboto-Regular.ttf</filename>
			<size>22</size>
		</font>
		<font>
			<name>font16</name>
			<filename>Roboto-Regular.ttf</filename>
			<size>25</size>
		</font>
		<font>
			<name>font30</name>
			<filename>Roboto-Regular.ttf</filename>
			<size>30</size>
		</font>
		<font>
			<name>fontContextMenu</name>
			<filename>Roboto-Regular.ttf</filename>
			<size>18</size>
		</font>
		<!-- Title Fonts -->
		<font>
			<name>font10_title</name>
			<filename>Roboto-Bold.ttf</filename>
			<size>12</size>
		</font>
		<font>
			<name>font12_title</name>
			<filename>Roboto-Bold.ttf</filename>
			<size>17</size>
		</font>
		<font>
			<name>font13_title</name>
			<filename>Roboto-Bold.ttf</filename>
			<size>20</size>
		</font>
		<font>
			<name>font24_title</name>
			<filename>Roboto-Bold.ttf</filename>
			<size>24</size>
		</font>
		<font>
			<name>font28_title</name>
			<filename>Roboto-Bold.ttf</filename>
			<size>28</size>
		</font>
		<font>
			<name>font30_title</name>
			<filename>Roboto-Bold.ttf</filename>
			<size>30</size>
		</font>
		<font>
			<name>font35_title</name>
			<filename>Roboto-Bold.ttf</filename>
			<size>35</size>
		</font>
		<font>
			<name>font_MainMenu</name>
			<filename>Roboto-Bold.ttf</filename>
			<size>40</size>
		</font>
		<font>
			<name>WeatherTemp</name>
			<filename>Roboto-Bold.ttf</filename>
			<size>80</size>
		</font>
	</fontset>
	<fontset id="Arial" idloc="31392">
		<!-- Arial Font better for non English -->
		<font>
			<name>font10</name>
			<filename>arial.ttf</filename>
			<size>12</size>
		</font>
		<font>
			<name>font12</name>
			<filename>arial.ttf</filename>
			<size>15</size>
		</font>
		<font>
			<name>font13</name>
			<filename>arial.ttf</filename>
			<size>18</size>
		</font>
		<font>
			<name>font14</name>
			<filename>arial.ttf</filename>
			<size>20</size>
		</font>
		<font>
			<name>font16</name>
			<filename>arial.ttf</filename>
			<size>23</size>
		</font>
		<font>
			<name>font30</name>
			<filename>arial.ttf</filename>
			<size>28</size>
		</font>
		<font>
			<name>fontContextMenu</name>
			<filename>arial.ttf</filename>
			<size>16</size>
		</font>


		<!-- Title Fonts -->
		<font>
			<name>font10_title</name>
			<filename>arial.ttf</filename>
			<size>10</size>
			<style>bold</style>
		</font>
		<font>
			<name>font12_title</name>
			<filename>arial.ttf</filename>
			<size>15</size>
			<style>bold</style>
		</font>
		<font>
			<name>font13_title</name>
			<filename>arial.ttf</filename>
			<size>18</size>
			<style>bold</style>
		</font>
		<font>
			<name>font24_title</name>
			<filename>arial.ttf</filename>
			<size>22</size>
			<style>bold</style>
		</font>
		<font>
			<name>font28_title</name>
			<filename>arial.ttf</filename>
			<size>26</size>
			<style>bold</style>
		</font>
		<font>
			<name>font30_title</name>
			<filename>arial.ttf</filename>
			<size>28</size>
			<style>bold</style>
		</font>
		<font>
			<name>font35_title</name>
			<filename>arial.ttf</filename>
			<size>33</size>
			<style>bold</style>
		</font>

		<font>
			<name>font_MainMenu</name>
			<filename>arial.ttf</filename>
			<size>35</size>
			<style>bold</style>
		</font>
		<font>
			<name>WeatherTemp</name>
			<filename>arial.ttf</filename>
			<size>80</size>
			<style>bold</style>
		</font>
	</fontset>
</fonts>
