﻿<?xml version="1.0" encoding="UTF-8"?>
<addon
  id="skin.ktv-onair"
  version="0.0.4"
  name="KTV-OnAir"
  provider-name="KTV OnAir">
  <requires>
    <import addon="xbmc.gui" version="5.10.0"/>
  </requires>
  <extension
    point="xbmc.gui.skin"
    debugging="false"
    effectslowdown="1.0">
    <res width="1280" height="720" aspect="16:9" default="true" folder="720p" />
  </extension>
  <extension point="xbmc.addon.metadata">
    <platform>all</platform>
  </extension>
</addon>