<?xml version="1.0" encoding="UTF-8"?>
<addon
  id="skin.ktv"
  version="0.0.1"
  name="KTV"
  provider-name="KTV OnAir">
  <requires>
    <import addon="xbmc.gui" version="5.0.0"/>
  </requires>
  <extension
    point="xbmc.gui.skin"
    defaultthemename="textures.xbt"
    debugging="false"
    effectslowdown="0.75">
    <res width="1280" height="720" aspect="16:9" default="true" folder="720p" />
  </extension>
  <extension point="xbmc.addon.metadata">
    <platform>all</platform>
  </extension>
</addon>
