﻿<?xml version="1.0" encoding="UTF-8" standalone="yes"?>
<addon id="plugin.video.ktv-onair"
       name="KTV OnAir"
       version="0.0.8"
       provider-name="KTV OnAir">
  <requires>
    <import addon="xbmc.python" version="2.1.0"/>   
    <import addon="script.module.xbmcswift2" version="2.4.0"/>	
  </requires>
  <extension point="xbmc.python.pluginsource"
             library="default.py">
    <provides>video</provides>
  </extension>
  <extension point="xbmc.addon.metadata">
    <summary lang="en">KTV OnAir</summary>
    <summary lang="ko">KTV 온에어</summary>
    <description lang="en">Watch Korean On Air Stream</description>
    <description lang="ko">한국 방송국에서 제공하는 무료 생방송을 볼 수 있습니다</description>
    <platform>all</platform>
  </extension>
</addon>
